<?xml version="1.0" encoding="UTF-8"?>
<grade_book>
<Notas_de_alumnos>
<Matemáticas>
<alumno>
<ID_alumno>11111</ID_alumno>
<nombre_alumno>Antonio</nombre_alumno>
<nota>8</nota>
</alumno>
<alumno>
<ID_alumno>11112</ID_alumno>
<nombre_alumno>Pepe</nombre_alumno>
<nota>5</nota>
</alumno>
<alumno>
<ID_alumno>11113</ID_alumno>
<nombre_alumno>Alba</nombre_alumno>
<nota>7</nota>
</alumno>
<alumno>
<ID_alumno>11114</ID_alumno>
<nombre_alumno>Max</nombre_alumno>
<nota>10</nota>
</alumno>
<alumno>
<ID_alumno>11115</ID_alumno>
<nombre_alumno>María</nombre_alumno>
<nota>5</nota>
</alumno>
<alumno>
<ID_alumno>11116</ID_alumno>
<nombre_alumno>José</nombre_alumno>
<nota>8</nota>
</alumno>
<alumno>
<ID_alumno>11117</ID_alumno>
<nombre_alumno>Álvaro</nombre_alumno>
<nota>7</nota>
</alumno>
<alumno>
<ID_alumno>11118</ID_alumno>
<nombre_alumno>Carlos</nombre_alumno>
<nota>1</nota>
</alumno>
<alumno>
<ID_alumno>11119</ID_alumno>
<nombre_alumno>Jaime</nombre_alumno>
<nota>8</nota>
</alumno>
<alumno>
<ID_alumno>11110</ID_alumno>
<nombre_alumno>Adam</nombre_alumno>
<nota>9</nota>
</alumno>
</Matemáticas>
<Historia>
<alumno>
<ID_alumno>22222</ID_alumno>
<nombre_alumno>Teresa</nombre_alumno>
<nota>10</nota>
</alumno>
<alumno>
<ID_alumno>11123</ID_alumno>
<nombre_alumno>Jorge</nombre_alumno>
<nota>9</nota>
</alumno>
<alumno>
<ID_alumno>18476</ID_alumno>
<nombre_alumno>Peter</nombre_alumno>
<nota>6</nota>
</alumno>
<alumno>
<ID_alumno>16354</ID_alumno>
<nombre_alumno>Antonia</nombre_alumno>
<nota>3</nota>
</alumno>
<alumno>
<ID_alumno>66666</ID_alumno>
<nombre_alumno>Jimmy Neutron</nombre_alumno>
<nota>10</nota>
</alumno>
<alumno>
<ID_alumno>76152</ID_alumno>
<nombre_alumno>Archeti</nombre_alumno>
<nota>5</nota>
</alumno>
<alumno>
<ID_alumno>12345</ID_alumno>
<nombre_alumno>Lucía</nombre_alumno>
<nota>10</nota>
</alumno>
<alumno>
<ID_alumno>16524</ID_alumno>
<nombre_alumno>Ignacio</nombre_alumno>
<nota>4</nota>
</alumno>
<alumno>
<ID_alumno>98765</ID_alumno>
<nombre_alumno>Manuela</nombre_alumno>
<nota>9</nota>
</alumno>
<alumno>
<ID_alumno>14876</ID_alumno>
<nombre_alumno>Manuel</nombre_alumno>
<nota>4</nota>
</alumno>
</Historia>